{
  "name": "cooked_concapede_meat",
  "loadDefault": false,
  "group": "items",
  "maxStackSize": 64,
  "food": {
    "hunger": 8,
    "saturation": 0.8,
    "alwaysEdible": true,
    "fast": false,
    "meat": true,
    "effects": [
      {
        "effectId": "minecraft:jump_boost",
        "duration": 20,
        "amplifier": 2,
        "chance": 1.0
      },
      {
        "effectId": "lycanitesmobs:fallresist",
        "duration": 20,
        "amplifier": 0,
        "chance": 1.0
      }
    ]
  }
}