{
  "name": "asmodeus",
  "type": "event",
  "enabled": true,
  "loadDefault": false,
  "channel": "boss",
  "duration": 600,
  "conditions": [
    {
      "type": "world",
      "dimensionIds": [
        1
      ],
      "dimensionListType": "whitelist"
    }
  ],
  "levelBoostMax": 0,
  "triggers": [
    {
      "type": "altar",
      "altarName": "AsmodeusAltar"
    }
  ],
  "effects": [
    {
      "type": "structure",
      "structureBuilderName": "asmodeus",
      "eventTicksMax": 600
    }
  ]
}